classifier,hours,auc_mean,auc_ci_low,auc_ci_high,f1_mean,f1_ci_low,f1_ci_high
ROCKET,24,0.5978,0.5523,0.6387050000000001,0.6243,0.5830974999999999,0.6623025
LSTMFCN,24,0.5759,0.5287,0.6188,0.6699,0.632,0.7076025
ConvTran,24,0.6291,0.58459,0.6689,0.6519,0.6115,0.6898099999999999
ROCKET,72,0.682,0.6414,0.72182,0.6969,0.6577850000000001,0.7344175000000001
LSTMFCN,72,0.674,0.633985,0.7136025,0.7271,0.6906975,0.76002
ConvTran,72,0.685,0.6407925,0.722905,0.7198,0.6829900000000001,0.753205
ROCKET,120,0.8633,0.8330974999999999,0.890105,0.8204,0.7861975,0.8489025
LSTMFCN,120,0.8655,0.83559,0.8908075,0.8179,0.786095,0.8474175
ConvTran,120,0.838,0.8069,0.866105,0.7936,0.761895,0.8232050000000001
