classifier,hours,auc_mean,auc_ci_low,auc_ci_high,f1_mean,f1_ci_low,f1_ci_high
ROCKET,24,0.5973,0.55479,0.636905,0.5955,0.5552900000000001,0.63611
LSTMFCN,24,0.5834,0.5416949999999999,0.6257050000000001,0.6435,0.6070949999999999,0.681215
ConvTran,24,0.6341,0.593595,0.673205,0.6235,0.5828975,0.6612
ROCKET,72,0.7041,0.6675924999999999,0.7406050000000001,0.68,0.645,0.714315
LSTMFCN,72,0.6917,0.6572875,0.7291124999999999,0.7031,0.670265,0.7372025
ConvTran,72,0.7057,0.6704975,0.7416225,0.7029,0.6717825,0.7367025
ROCKET,120,0.8757,0.8516900000000001,0.8995075,0.8092,0.7801875,0.8380099999999999
LSTMFCN,120,0.8724,0.8467975,0.895605,0.8085,0.7729975,0.8406025
ConvTran,120,0.8544,0.8261875000000001,0.8786200000000001,0.7828,0.750885,0.8124125
